DATE,COST
2011-01-01,null
2011-01-02,null
2011-01-03,4252
2011-01-04,4168
2011-01-05,4376
2011-01-06,4609
2011-01-07,4609
2011-01-08,null
2011-01-09,null
2011-01-10,4399
2011-01-11,4423
2011-01-12,4495
2011-01-13,4521
2011-01-14,4521
2011-01-15,null
2011-01-16,null
2011-01-17,4832
2011-01-18,4888
2011-01-19,5083
2011-01-20,4551
2011-01-21,4451
2011-01-22,null
2011-01-23,null
2011-01-24,5104
2011-01-25,5251
2011-01-26,5075
2011-01-27,5234
2011-01-28,5234
2011-01-29,null
2011-01-30,null
2011-01-31,5221
2011-02-01,5134
2011-02-02,null
2011-02-03,null
2011-02-04,null
2011-02-05,null
2011-02-06,null
2011-02-07,4859
2011-02-08,4843
2011-02-09,4815
2011-02-10,4744
2011-02-11,4727
2011-02-12,null
2011-02-13,null
2011-02-14,4626
2011-02-15,4651
2011-02-16,4893
2011-02-17,4893
2011-02-18,4834
2011-02-19,null
2011-02-20,null
2011-02-21,4841
2011-02-22,4847
2011-02-23,4699
2011-02-24,4791
2011-02-25,4770
2011-02-26,null
2011-02-27,null
2011-02-28,4710
2011-03-01,null
2011-03-02,4763
2011-03-03,4590
2011-03-04,4688
2011-03-05,null
2011-03-06,null
2011-03-07,4750
2011-03-08,4798
2011-03-09,4544
2011-03-10,4596
2011-03-11,4629
2011-03-12,null
2011-03-13,null
2011-03-14,4693
2011-03-15,4761
2011-03-16,4743
2011-03-17,4846
2011-03-18,4824
2011-03-19,null
2011-03-20,null
2011-03-21,4824
2011-03-22,4824
2011-03-23,4824
2011-03-24,4776
2011-03-25,4662
2011-03-26,null
2011-03-27,null
2011-03-28,4550
2011-03-29,4530
2011-03-30,4486
2011-03-31,4341
2011-04-01,4341
2011-04-02,null
2011-04-03,null
2011-04-04,4265
2011-04-05,4073
2011-04-06,4057
2011-04-07,3783
2011-04-08,3783
2011-04-09,null
2011-04-10,null
2011-04-11,3905
2011-04-12,3905
2011-04-13,3961
2011-04-14,3808
2011-04-15,3708
2011-04-16,null
2011-04-17,null
2011-04-18,3654
2011-04-19,3329
2011-04-20,3126
2011-04-21,2406
2011-04-22,2360
2011-04-23,null
2011-04-24,null
2011-04-25,2304
2011-04-26,2225
2011-04-27,2243
2011-04-28,2117
2011-04-29,1978
2011-04-30,null
2011-05-01,null
2011-05-02,1889
2011-05-03,1769
2011-05-04,1735
2011-05-05,null
2011-05-06,1650
2011-05-07,null
2011-05-08,null
2011-05-09,1594
2011-05-10,null
2011-05-11,1611
2011-05-12,1593
2011-05-13,1585
2011-05-14,null
2011-05-15,null
2011-05-16,1590
2011-05-17,1349
2011-05-18,1313
2011-05-19,1217
2011-05-20,1220
2011-05-21,null
2011-05-22,null
2011-05-23,1282
2011-05-24,1272
2011-05-25,1263
2011-05-26,1150
2011-05-27,1142
2011-05-28,null
2011-05-29,null
2011-05-30,1192
2011-05-31,1196
2011-06-01,1169
2011-06-02,1212
2011-06-03,1212
2011-06-04,null
2011-06-05,null
2011-06-06,null
2011-06-07,1250
2011-06-08,1236
2011-06-09,1227
2011-06-10,1222
2011-06-11,null
2011-06-12,null
2011-06-13,1211
2011-06-14,1211
2011-06-15,1216
2011-06-16,1292
2011-06-17,1287
2011-06-18,null
2011-06-19,null
2011-06-20,1201
2011-06-21,1167
2011-06-22,1178
2011-06-23,1178
2011-06-24,1179
2011-06-25,null
2011-06-26,null
2011-06-27,1200
2011-06-28,1199
2011-06-29,1189
2011-06-30,1318
2011-07-01,1385
2011-07-02,null
2011-07-03,null
2011-07-04,1465
2011-07-05,1492
2011-07-06,1614
2011-07-07,1653
2011-07-08,1718
2011-07-09,null
2011-07-10,null
2011-07-11,1734
2011-07-12,1786
2011-07-13,1923
2011-07-14,2158
2011-07-15,2198
2011-07-16,null
2011-07-17,null
2011-07-18,2287
2011-07-19,2287
2011-07-20,2331
2011-07-21,2648
2011-07-22,2743
2011-07-23,null
2011-07-24,null
2011-07-25,3003
2011-07-26,3075
2011-07-27,3155
2011-07-28,3435
2011-07-29,3548
2011-07-30,null
2011-07-31,null
2011-08-01,3723
2011-08-02,3764
2011-08-03,3975
2011-08-04,3979
2011-08-05,3976
2011-08-06,null
2011-08-07,null
2011-08-08,4294
2011-08-09,4294
2011-08-10,4294
2011-08-11,4430
2011-08-12,4043
2011-08-13,null
2011-08-14,null
2011-08-15,null
2011-08-16,3913
2011-08-17,3930
2011-08-18,3930
2011-08-19,3993
2011-08-20,null
2011-08-21,null
2011-08-22,3993
2011-08-23,4047
2011-08-24,3973
2011-08-25,4109
2011-08-26,4098
2011-08-27,null
2011-08-28,null
2011-08-29,4098
2011-08-30,4048
2011-08-31,4223
2011-09-01,4309
2011-09-02,4182
2011-09-03,null
2011-09-04,null
2011-09-05,3731
2011-09-06,3650
2011-09-07,3561
2011-09-08,3415
2011-09-09,3485
2011-09-10,null
2011-09-11,null
2011-09-12,null
2011-09-13,null
2011-09-14,3757
2011-09-15,3643
2011-09-16,3698
2011-09-17,null
2011-09-18,null
2011-09-19,3521
2011-09-20,3424
2011-09-21,3422
2011-09-22,3176
2011-09-23,2858
2011-09-24,null
2011-09-25,null
2011-09-26,2651
2011-09-27,2472
2011-09-28,2538
2011-09-29,2219
2011-09-30,2308
2011-10-01,null
2011-10-02,null
2011-10-03,null
2011-10-04,2463
2011-10-05,2466
2011-10-06,2183
2011-10-07,2292
2011-10-08,null
2011-10-09,null
2011-10-10,2289
2011-10-11,2378
2011-10-12,2345
2011-10-13,2177
2011-10-14,2220
2011-10-15,null
2011-10-16,null
2011-10-17,2376
2011-10-18,2299
2011-10-19,2282
2011-10-20,2250
2011-10-21,2225
2011-10-22,null
2011-10-23,null
2011-10-24,2207
2011-10-25,2208
2011-10-26,2208
2011-10-27,2209
2011-10-28,2217
2011-10-29,null
2011-10-30,null
2011-10-31,1999
2011-11-01,1973
2011-11-02,1959
2011-11-03,1921
2011-11-04,1900
2011-11-05,null
2011-11-06,null
2011-11-07,1834
2011-11-08,1796
2011-11-09,1741
2011-11-10,1611
2011-11-11,1480
2011-11-12,null
2011-11-13,null
2011-11-14,1470
2011-11-15,1415
2011-11-16,1342
2011-11-17,1197
2011-11-18,1168
2011-11-19,null
2011-11-20,null
2011-11-21,1146
2011-11-22,1131
2011-11-23,1135
2011-11-24,1122
2011-11-25,1129
2011-11-26,null
2011-11-27,null
2011-11-28,1101
2011-11-29,1093
2011-11-30,1106
2011-12-01,null
2011-12-02,1106
2011-12-03,null
2011-12-04,null
2011-12-05,1189
2011-12-06,1181
2011-12-07,1181
2011-12-08,1141
2011-12-09,1132
2011-12-10,null
2011-12-11,null
2011-12-12,1149
2011-12-13,1133
2011-12-14,1133
2011-12-15,1193
2011-12-16,1214
2011-12-17,null
2011-12-18,null
2011-12-19,1241
2011-12-20,1241
2011-12-21,1241
2011-12-22,1316
2011-12-23,1308
2011-12-24,null
2011-12-25,null
2011-12-26,1251
2011-12-27,1282
2011-12-28,1323
2011-12-29,1338
2011-12-30,1326
2011-12-31,null
2012-01-01,null
2012-01-02,1319
2012-01-03,1319
2012-01-04,1319
2012-01-05,1338
2012-01-06,1338
2012-01-07,null
2012-01-08,null
2012-01-09,1350
2012-01-10,1347
2012-01-11,1340
2012-01-12,1192
2012-01-13,1194
2012-01-14,null
2012-01-15,null
2012-01-16,1190
2012-01-17,1240
2012-01-18,1240
2012-01-19,1288
2012-01-20,1374
2012-01-21,null
2012-01-22,null
2012-01-23,null
2012-01-24,null
2012-01-25,1377
2012-01-26,1427
2012-01-27,1431
2012-01-28,null
2012-01-29,null
2012-01-30,1386
2012-01-31,1374
2012-02-01,1510
2012-02-02,1522
2012-02-03,1522
2012-02-04,null
2012-02-05,null
2012-02-06,1488
2012-02-07,1511
2012-02-08,1576
2012-02-09,1598
2012-02-10,1629
2012-02-11,null
2012-02-12,null
2012-02-13,1679
2012-02-14,1676
2012-02-15,1732
2012-02-16,1779
2012-02-17,1811
2012-02-18,null
2012-02-19,null
2012-02-20,1862
2012-02-21,1866
2012-02-22,2176
2012-02-23,2398
2012-02-24,2395
2012-02-25,null
2012-02-26,null
2012-02-27,2562
2012-02-28,2636
2012-02-29,2662
2012-03-01,null
2012-03-02,2748
2012-03-03,null
2012-03-04,null
2012-03-05,2829
2012-03-06,2926
2012-03-07,2953
2012-03-08,2996
2012-03-09,2971
2012-03-10,null
2012-03-11,null
2012-03-12,2993
2012-03-13,3011
2012-03-14,3133
2012-03-15,3201
2012-03-16,3253
2012-03-17,null
2012-03-18,null
2012-03-19,3290
2012-03-20,3330
2012-03-21,3322
2012-03-22,3302
2012-03-23,3290
2012-03-24,null
2012-03-25,null
2012-03-26,3337
2012-03-27,3337
2012-03-28,3330
2012-03-29,3331
2012-03-30,3353
2012-03-31,null
2012-04-01,null
2012-04-02,3352
2012-04-03,3325
2012-04-04,3318
2012-04-05,3300
2012-04-06,3363
2012-04-07,null
2012-04-08,null
2012-04-09,3355
2012-04-10,3399
2012-04-11,null
2012-04-12,3385
2012-04-13,3425
2012-04-14,null
2012-04-15,null
2012-04-16,3468
2012-04-17,3495
2012-04-18,3494
2012-04-19,3473
2012-04-20,3471
2012-04-21,null
2012-04-22,null
2012-04-23,3452
2012-04-24,3462
2012-04-25,3458
2012-04-26,3451
2012-04-27,3461
2012-04-28,null
2012-04-29,null
2012-04-30,3462
2012-05-01,null
2012-05-02,3360
2012-05-03,3384
2012-05-04,3260
2012-05-05,null
2012-05-06,null
2012-05-07,3199
2012-05-08,3058
2012-05-09,2931
2012-05-10,2764
2012-05-11,2695
2012-05-12,null
2012-05-13,null
2012-05-14,2632
2012-05-15,2613
2012-05-16,2540
2012-05-17,2587
2012-05-18,2576
2012-05-19,null
2012-05-20,null
2012-05-21,2586
2012-05-22,2551
2012-05-23,2512
2012-05-24,2366
2012-05-25,2346
2012-05-26,null
2012-05-27,null
2012-05-28,null
2012-05-29,2304
2012-05-30,2288
2012-05-31,2305
2012-06-01,2310
2012-06-02,null
2012-06-03,null
2012-06-04,2298
2012-06-05,2294
2012-06-06,null
2012-06-07,2165
2012-06-08,2158
2012-06-09,null
2012-06-10,null
2012-06-11,2142
2012-06-12,2093
2012-06-13,2130
2012-06-14,2139
2012-06-15,2066
2012-06-16,null
2012-06-17,null
2012-06-18,2041
2012-06-19,2068
2012-06-20,2060
2012-06-21,2060
2012-06-22,2060
2012-06-23,null
2012-06-24,null
2012-06-25,2116
2012-06-26,2239
2012-06-27,2358
2012-06-28,2510
2012-06-29,2597
2012-06-30,null
2012-07-01,null
2012-07-02,2689
2012-07-03,2782
2012-07-04,2793
2012-07-05,2960
2012-07-06,2978
2012-07-07,null
2012-07-08,null
2012-07-09,2996
2012-07-10,2991
2012-07-11,2921
2012-07-12,2716
2012-07-13,2675
2012-07-14,null
2012-07-15,null
2012-07-16,2671
2012-07-17,2659
2012-07-18,2686
2012-07-19,2850
2012-07-20,2849
2012-07-21,null
2012-07-22,null
2012-07-23,2800
2012-07-24,2806
2012-07-25,2773
2012-07-26,2775
2012-07-27,2809
2012-07-28,null
2012-07-29,null
2012-07-30,2837
2012-07-31,2772
2012-08-01,2764
2012-08-02,2522
2012-08-03,2533
2012-08-04,null
2012-08-05,null
2012-08-06,2550
2012-08-07,2600
2012-08-08,2752
2012-08-09,2883
2012-08-10,2891
2012-08-11,null
2012-08-12,null
2012-08-13,2984
2012-08-14,3033
2012-08-15,null
2012-08-16,2972
2012-08-17,2970
2012-08-18,null
2012-08-19,null
2012-08-20,2991
2012-08-21,2977
2012-08-22,2977
2012-08-23,2995
2012-08-24,2968
2012-08-25,null
2012-08-26,null
2012-08-27,3023
2012-08-28,3058
2012-08-29,3179
2012-08-30,3406
2012-08-31,3394
2012-09-01,null
2012-09-02,null
2012-09-03,3395
2012-09-04,3423
2012-09-05,3457
2012-09-06,3393
2012-09-07,3366
2012-09-08,null
2012-09-09,null
2012-09-10,3434
2012-09-11,3479
2012-09-12,3495
2012-09-13,3492
2012-09-14,3490
2012-09-15,null
2012-09-16,null
2012-09-17,3462
2012-09-18,3507
2012-09-19,3622
2012-09-20,3747
2012-09-21,3784
2012-09-22,null
2012-09-23,null
2012-09-24,3999
2012-09-25,3851
2012-09-26,3784
2012-09-27,3817
2012-09-28,3849
2012-09-29,null
2012-09-30,null
2012-10-01,null
2012-10-02,3938
2012-10-03,null
2012-10-04,3997
2012-10-05,3998
2012-10-06,null
2012-10-07,null
2012-10-08,3983
2012-10-09,3909
2012-10-10,3699
2012-10-11,3673
2012-10-12,3618
2012-10-13,null
2012-10-14,null
2012-10-15,3689
2012-10-16,3658
2012-10-17,3571
2012-10-18,3705
2012-10-19,3689
2012-10-20,null
2012-10-21,null
2012-10-22,3645
2012-10-23,3623
2012-10-24,3619
2012-10-25,3468
2012-10-26,3434
2012-10-27,null
2012-10-28,null
2012-10-29,3372
2012-10-30,3325
2012-10-31,3315
2012-11-01,3109
2012-11-02,3035
2012-11-03,null
2012-11-04,null
2012-11-05,3198
2012-11-06,3134
2012-11-07,3172
2012-11-08,2824
2012-11-09,2791
2012-11-10,null
2012-11-11,null
2012-11-12,2913
2012-11-13,2935
2012-11-14,2886
2012-11-15,2819
2012-11-16,2844
2012-11-17,null
2012-11-18,null
2012-11-19,2820
2012-11-20,2820
2012-11-21,2765
2012-11-22,2677
2012-11-23,2668
2012-11-24,null
2012-11-25,null
2012-11-26,2675
2012-11-27,2691
2012-11-28,2663
2012-11-29,2710
2012-11-30,2634
2012-12-01,null
2012-12-02,null
2012-12-03,2600
2012-12-04,2600
2012-12-05,2600
2012-12-06,2710
2012-12-07,2925
2012-12-08,null
2012-12-09,null
2012-12-10,3083
2012-12-11,3221
2012-12-12,3339
2012-12-13,3331
2012-12-14,3333
2012-12-15,null
2012-12-16,null
2012-12-17,3438
2012-12-18,3416
2012-12-19,null
2012-12-20,3543
2012-12-21,3576
2012-12-22,null
2012-12-23,null
2012-12-24,3617
2012-12-25,null
2012-12-26,3624
2012-12-27,3634
2012-12-28,3624
2012-12-29,null
2012-12-30,null
2012-12-31,3730
2013-01-01,null
2013-01-02,3853
2013-01-03,3958
2013-01-04,4002
2013-01-05,null
2013-01-06,null
2013-01-07,4007
2013-01-08,3979
2013-01-09,3964
2013-01-10,3862
2013-01-11,3956
2013-01-12,null
2013-01-13,null
2013-01-14,3912
2013-01-15,3939
2013-01-16,3883
2013-01-17,3888
2013-01-18,3812
2013-01-19,null
2013-01-20,null
2013-01-21,3793
2013-01-22,3830
2013-01-23,3822
2013-01-24,3719
2013-01-25,3719
2013-01-26,null
2013-01-27,null
2013-01-28,3719
2013-01-29,3721
2013-01-30,3721
2013-01-31,3702
2013-02-01,3702
2013-02-02,null
2013-02-03,null
2013-02-04,3702
2013-02-05,3685
2013-02-06,3771
2013-02-07,3792
2013-02-08,3814
2013-02-09,null
2013-02-10,null
2013-02-11,null
2013-02-12,3957
2013-02-13,3991
2013-02-14,4014
2013-02-15,3982
2013-02-16,null
2013-02-17,null
2013-02-18,3973
2013-02-19,4032
2013-02-20,4012
2013-02-21,4044
2013-02-22,3949
2013-02-23,null
2013-02-24,null
2013-02-25,4001
2013-02-26,4015
2013-02-27,3997
2013-02-28,3996
2013-03-01,null
2013-03-02,null
2013-03-03,null
2013-03-04,3949
2013-03-05,3986
2013-03-06,3986
2013-03-07,4069
2013-03-08,4076
2013-03-09,null
2013-03-10,null
2013-03-11,4028
2013-03-12,4085
2013-03-13,4085
2013-03-14,4159
2013-03-15,4133
2013-03-16,null
2013-03-17,null
2013-03-18,4080
2013-03-19,4080
2013-03-20,4016
2013-03-21,3998
2013-03-22,3986
2013-03-23,null
2013-03-24,null
2013-03-25,3986
2013-03-26,3986
2013-03-27,3996
2013-03-28,3999
2013-03-29,4023
2013-03-30,null
2013-03-31,null
2013-04-01,4161
2013-04-02,4161
2013-04-03,4170
2013-04-04,4141
2013-04-05,4153
2013-04-06,null
2013-04-07,null
2013-04-08,4199
2013-04-09,4236
2013-04-10,4256
2013-04-11,4253
2013-04-12,4253
2013-04-13,null
2013-04-14,null
2013-04-15,4238
2013-04-16,4238
2013-04-17,4218
2013-04-18,4218
2013-04-19,3966
2013-04-20,null
2013-04-21,null
2013-04-22,3974
2013-04-23,3974
2013-04-24,3991
2013-04-25,3856
2013-04-26,3704
2013-04-27,null
2013-04-28,null
2013-04-29,3823
2013-04-30,3752
2013-05-01,null
2013-05-02,3307
2013-05-03,3293
2013-05-04,null
2013-05-05,null
2013-05-06,3205
2013-05-07,3241
2013-05-08,3218
2013-05-09,3130
2013-05-10,3100
2013-05-11,null
2013-05-12,null
2013-05-13,3097
2013-05-14,3128
2013-05-15,3116
2013-05-16,3009
2013-05-17,null
2013-05-18,null
2013-05-19,null
2013-05-20,2944
2013-05-21,2933
2013-05-22,2918
2013-05-23,2890
2013-05-24,2874
2013-05-25,null
2013-05-26,null
2013-05-27,2864
2013-05-28,2859
2013-05-29,2842
2013-05-30,2777
2013-05-31,2770
2013-06-01,null
2013-06-02,null
2013-06-03,2752
2013-06-04,2734
2013-06-05,2723
2013-06-06,null
2013-06-07,2737
2013-06-08,null
2013-06-09,null
2013-06-10,2737
2013-06-11,2716
2013-06-12,2691
2013-06-13,2650
2013-06-14,2659
2013-06-15,null
2013-06-16,null
2013-06-17,2693
2013-06-18,2706
2013-06-19,2737
2013-06-20,2775
2013-06-21,2788
2013-06-22,null
2013-06-23,null
2013-06-24,2773
2013-06-25,2774
2013-06-26,2741
2013-06-27,2741
2013-06-28,2741
2013-06-29,null
2013-06-30,null
2013-07-01,2690
2013-07-02,2683
2013-07-03,2657
2013-07-04,2659
2013-07-05,2636
2013-07-06,null
2013-07-07,null
2013-07-08,2676
2013-07-09,2707
2013-07-10,2693
2013-07-11,2701
2013-07-12,2694
2013-07-13,null
2013-07-14,null
2013-07-15,2690
2013-07-16,2726
2013-07-17,2734
2013-07-18,2763
2013-07-19,2816
2013-07-20,null
2013-07-21,null
2013-07-22,2878
2013-07-23,2889
2013-07-24,2942
2013-07-25,3019
2013-07-26,3075
2013-07-27,null
2013-07-28,null
2013-07-29,3147
2013-07-30,3303
2013-07-31,3365
2013-08-01,3376
2013-08-02,3359
2013-08-03,null
2013-08-04,null
2013-08-05,3369
2013-08-06,3388
2013-08-07,3426
2013-08-08,3450
2013-08-09,3535
2013-08-10,null
2013-08-11,null
2013-08-12,3575
2013-08-13,3698
2013-08-14,3705
2013-08-15,null
2013-08-16,3801
2013-08-17,null
2013-08-18,null
2013-08-19,3924
2013-08-20,4080
2013-08-21,4225
2013-08-22,4587
2013-08-23,4696
2013-08-24,null
2013-08-25,null
2013-08-26,4838
2013-08-27,5046
2013-08-28,5142
2013-08-29,5189
2013-08-30,5280
2013-08-31,null
2013-09-01,null
2013-09-02,5256
2013-09-03,5112
2013-09-04,5015
2013-09-05,4954
2013-09-06,4804
2013-09-07,null
2013-09-08,null
2013-09-09,4643
2013-09-10,4529
2013-09-11,4466
2013-09-12,4564
2013-09-13,4577
2013-09-14,null
2013-09-15,null
2013-09-16,4441
2013-09-17,4477
2013-09-18,null
2013-09-19,null
2013-09-20,null
2013-09-21,null
2013-09-22,null
2013-09-23,4592
2013-09-24,4537
2013-09-25,4359
2013-09-26,4044
2013-09-27,3995
2013-09-28,null
2013-09-29,null
2013-09-30,3930
2013-10-01,3903
2013-10-02,3829
2013-10-03,null
2013-10-04,3708
2013-10-05,null
2013-10-06,null
2013-10-07,3542
2013-10-08,3497
2013-10-09,null
2013-10-10,3068
2013-10-11,3017
2013-10-12,null
2013-10-13,null
2013-10-14,2883
2013-10-15,2846
2013-10-16,2812
2013-10-17,2435
2013-10-18,2349
2013-10-19,null
2013-10-20,null
2013-10-21,2272
2013-10-22,2233
2013-10-23,2199
2013-10-24,2303
2013-10-25,2242
2013-10-26,null
2013-10-27,null
2013-10-28,2250
2013-10-29,2270
2013-10-30,2286
2013-10-31,2273
2013-11-01,2288
2013-11-02,null
2013-11-03,null
2013-11-04,2350
2013-11-05,2303
2013-11-06,2201
2013-11-07,1976
2013-11-08,1961
2013-11-09,null
2013-11-10,null
2013-11-11,1870
2013-11-12,1870
2013-11-13,1870
2013-11-14,1804
2013-11-15,1796
2013-11-16,null
2013-11-17,null
2013-11-18,1845
2013-11-19,1858
2013-11-20,1887
2013-11-21,1935
2013-11-22,1935
2013-11-23,null
2013-11-24,null
2013-11-25,1947
2013-11-26,2036
2013-11-27,1997
2013-11-28,2111
2013-11-29,2164
2013-11-30,null
2013-12-01,null
2013-12-02,2200
2013-12-03,2243
2013-12-04,2218
2013-12-05,2329
2013-12-06,2367
2013-12-07,null
2013-12-08,null
2013-12-09,2394
2013-12-10,2371
2013-12-11,2378
2013-12-12,2486
2013-12-13,2447
2013-12-14,null
2013-12-15,null
2013-12-16,2564
2013-12-17,2419
2013-12-18,2409
2013-12-19,2548
2013-12-20,2541
2013-12-21,null
2013-12-22,null
2013-12-23,2578
2013-12-24,2578
2013-12-25,null
2013-12-26,2589
2013-12-27,2562
2013-12-28,null
2013-12-29,null
2013-12-30,2514
2013-12-31,2514
2014-01-01,null
2014-01-02,2515
2014-01-03,2515
2014-01-04,null
2014-01-05,null
2014-01-06,2530
2014-01-07,2490
2014-01-08,2429
2014-01-09,2412
2014-01-10,2412
2014-01-11,null
2014-01-12,null
2014-01-13,2375
2014-01-14,2375
2014-01-15,2375
2014-01-16,2316
2014-01-17,2316
2014-01-18,null
2014-01-19,null
2014-01-20,2276
2014-01-21,2303
2014-01-22,2270
2014-01-23,2254
2014-01-24,2231
2014-01-25,null
2014-01-26,null
2014-01-27,2242
2014-01-28,2242
2014-01-29,2262
2014-01-30,null
2014-01-31,null
2014-02-01,null
2014-02-02,null
2014-02-03,2250
2014-02-04,2250
2014-02-05,2224
2014-02-06,2233
2014-02-07,2232
2014-02-08,null
2014-02-09,null
2014-02-10,2223
2014-02-11,2207
2014-02-12,2308
2014-02-13,2284
2014-02-14,2284
2014-02-15,null
2014-02-16,null
2014-02-17,2292
2014-02-18,2251
2014-02-19,2254
2014-02-20,2218
2014-02-21,2215
2014-02-22,null
2014-02-23,null
2014-02-24,2231
2014-02-25,2188
2014-02-26,2157
2014-02-27,2131
2014-02-28,2142
2014-03-01,null
2014-03-02,null
2014-03-03,2121
2014-03-04,2132
2014-03-05,2104
2014-03-06,2063
2014-03-07,2043
2014-03-08,null
2014-03-09,null
2014-03-10,2043
2014-03-11,2026
2014-03-12,1973
2014-03-13,1938
2014-03-14,1938
2014-03-15,null
2014-03-16,null
2014-03-17,1937
2014-03-18,1890
2014-03-19,1890
2014-03-20,1918
2014-03-21,1898
2014-03-22,null
2014-03-23,null
2014-03-24,1898
2014-03-25,1888
2014-03-26,1888
2014-03-27,1893
2014-03-28,1866
2014-03-29,null
2014-03-30,null
2014-03-31,1907
2014-04-01,1943
2014-04-02,1968
2014-04-03,1942
2014-04-04,1942
2014-04-05,null
2014-04-06,null
2014-04-07,1945
2014-04-08,1936
2014-04-09,1946
2014-04-10,1965
2014-04-11,1974
2014-04-12,null
2014-04-13,null
2014-04-14,1996
2014-04-15,2007
2014-04-16,2052
2014-04-17,2052
2014-04-18,2018
2014-04-19,null
2014-04-20,null
2014-04-21,1996
2014-04-22,1997
2014-04-23,1997
2014-04-24,2060
2014-04-25,2028
2014-04-26,null
2014-04-27,null
2014-04-28,2016
2014-04-29,2004
2014-04-30,1998
2014-05-01,null
2014-05-02,2022
2014-05-03,null
2014-05-04,null
2014-05-05,null
2014-05-06,null
2014-05-07,2022
2014-05-08,1998
2014-05-09,2019
2014-05-10,null
2014-05-11,null
2014-05-12,2011
2014-05-13,2011
2014-05-14,2011
2014-05-15,2034
2014-05-16,1708
2014-05-17,null
2014-05-18,null
2014-05-19,1728
2014-05-20,1759
2014-05-21,1729
2014-05-22,1701
2014-05-23,1688
2014-05-24,null
2014-05-25,null
2014-05-26,1689
2014-05-27,1694
2014-05-28,1702
2014-05-29,1706
2014-05-30,1738
2014-05-31,null
2014-06-01,null
2014-06-02,1573
2014-06-03,1571
2014-06-04,null
2014-06-05,1607
2014-06-06,null
2014-06-07,null
2014-06-08,null
2014-06-09,1594
2014-06-10,1632
2014-06-11,1647
2014-06-12,1750
2014-06-13,1762
2014-06-14,null
2014-06-15,null
2014-06-16,1769
2014-06-17,1791
2014-06-18,1853
2014-06-19,1915
2014-06-20,1924
2014-06-21,null
2014-06-22,null
2014-06-23,1917
2014-06-24,1959
2014-06-25,1993
2014-06-26,2101
2014-06-27,2112
2014-06-28,null
2014-06-29,null
2014-06-30,2241
2014-07-01,2249
2014-07-02,2288
2014-07-03,2314
2014-07-04,2363
2014-07-05,null
2014-07-06,null
2014-07-07,2388
2014-07-08,2383
2014-07-09,2382
2014-07-10,2542
2014-07-11,2554
2014-07-12,null
2014-07-13,null
2014-07-14,2518
2014-07-15,2569
2014-07-16,2569
2014-07-17,2585
2014-07-18,2641
2014-07-19,null
2014-07-20,null
2014-07-21,2716
2014-07-22,2753
2014-07-23,2807
2014-07-24,2844
2014-07-25,2938
2014-07-26,null
2014-07-27,null
2014-07-28,3006
2014-07-29,3123
2014-07-30,3113
2014-07-31,3306
2014-08-01,null
2014-08-02,null
2014-08-03,null
2014-08-04,3373
2014-08-05,3400
2014-08-06,3431
2014-08-07,3431
2014-08-08,3413
2014-08-09,null
2014-08-10,null
2014-08-11,3394
2014-08-12,3356
2014-08-13,3487
2014-08-14,3456
2014-08-15,null
2014-08-16,null
2014-08-17,null
2014-08-18,3417
2014-08-19,3342
2014-08-20,3331
2014-08-21,3301
2014-08-22,3295
2014-08-23,null
2014-08-24,null
2014-08-25,3335
2014-08-26,3354
2014-08-27,3386
2014-08-28,3374
2014-08-29,3404
2014-08-30,null
2014-08-31,null
2014-09-01,3686
2014-09-02,3621
2014-09-03,3871
2014-09-04,3998
2014-09-05,3998
2014-09-06,null
2014-09-07,null
2014-09-08,null
2014-09-09,null
2014-09-10,null
2014-09-11,4176
2014-09-12,4229
2014-09-13,null
2014-09-14,null
2014-09-15,4094
2014-09-16,null
2014-09-17,3942
2014-09-18,3744
2014-09-19,3515
2014-09-20,null
2014-09-21,null
2014-09-22,3511
2014-09-23,3395
2014-09-24,3330
2014-09-25,3374
2014-09-26,3374
2014-09-27,null
2014-09-28,null
2014-09-29,3247
2014-09-30,3185
2014-10-01,3095
2014-10-02,3017
2014-10-03,null
2014-10-04,null
2014-10-05,null
2014-10-06,2938
2014-10-07,2900
2014-10-08,2890
2014-10-09,null
2014-10-10,2728
2014-10-11,null
2014-10-12,null
2014-10-13,2709
2014-10-14,2632
2014-10-15,2600
2014-10-16,2585
2014-10-17,2507
2014-10-18,null
2014-10-19,null
2014-10-20,2440
2014-10-21,2425
2014-10-22,2432
2014-10-23,2438
2014-10-24,2410
2014-10-25,null
2014-10-26,null
2014-10-27,2280
2014-10-28,2263
2014-10-29,2234
2014-10-30,2282
2014-10-31,2279
2014-11-01,null
2014-11-02,null
2014-11-03,2296
2014-11-04,2289
2014-11-05,2199
2014-11-06,2119
2014-11-07,2091
2014-11-08,null
2014-11-09,null
2014-11-10,2038
2014-11-11,2079
2014-11-12,2052
2014-11-13,1820
2014-11-14,1791
2014-11-15,null
2014-11-16,null
2014-11-17,1837
2014-11-18,1829
2014-11-19,1832
2014-11-20,1868
2014-11-21,1889
2014-11-22,null
2014-11-23,null
2014-11-24,1867
2014-11-25,1853
2014-11-26,1894
2014-11-27,1937
2014-11-28,1937
2014-11-29,null
2014-11-30,null
2014-12-01,null
2014-12-02,1937
2014-12-03,1937
2014-12-04,1850
2014-12-05,1782
2014-12-06,null
2014-12-07,null
2014-12-08,1825
2014-12-09,1839
2014-12-10,1845
2014-12-11,1862
2014-12-12,1862
2014-12-13,null
2014-12-14,null
2014-12-15,1899
2014-12-16,1880
2014-12-17,1886
2014-12-18,1910
2014-12-19,1924
2014-12-20,null
2014-12-21,null
2014-12-22,1973
2014-12-23,1973
2014-12-24,1973
2014-12-25,null
2014-12-26,1958
2014-12-27,null
2014-12-28,null
2014-12-29,1968
2014-12-30,1938
2014-12-31,1938
2015-01-01,null
2015-01-02,1957
2015-01-03,null
2015-01-04,null
2015-01-05,1957
2015-01-06,1980
2015-01-07,1957
2015-01-08,1959
2015-01-09,1936
2015-01-10,null
2015-01-11,null
2015-01-12,1936
2015-01-13,1928
2015-01-14,1913
2015-01-15,1907
2015-01-16,1896
2015-01-17,null
2015-01-18,null
2015-01-19,1896
2015-01-20,1889
2015-01-21,1875
2015-01-22,1910
2015-01-23,1910
2015-01-24,null
2015-01-25,null
2015-01-26,1912
2015-01-27,1912
2015-01-28,1912
2015-01-29,1911
2015-01-30,1894
2015-01-31,null
2015-02-01,null
2015-02-02,1920
2015-02-03,1920
2015-02-04,1920
2015-02-05,1920
2015-02-06,1910
2015-02-07,null
2015-02-08,null
2015-02-09,1919
2015-02-10,1914
2015-02-11,1950
2015-02-12,1884
2015-02-13,1881
2015-02-14,null
2015-02-15,null
2015-02-16,1923
2015-02-17,1952
2015-02-18,null
2015-02-19,null
2015-02-20,null
2015-02-21,null
2015-02-22,null
2015-02-23,2094
2015-02-24,2067
2015-02-25,2079
2015-02-26,2082
2015-02-27,2115
2015-02-28,null
2015-03-01,null
2015-03-02,2166
2015-03-03,2174
2015-03-04,2202
2015-03-05,2216
2015-03-06,2216
2015-03-07,null
2015-03-08,null
2015-03-09,2258
2015-03-10,2293
2015-03-11,2271
2015-03-12,2286
2015-03-13,2308
2015-03-14,null
2015-03-15,null
2015-03-16,2289
2015-03-17,2280
2015-03-18,2305
2015-03-19,2310
2015-03-20,2340
2015-03-21,null
2015-03-22,null
2015-03-23,2371
2015-03-24,2401
2015-03-25,2401
2015-03-26,2406
2015-03-27,2415
2015-03-28,null
2015-03-29,null
2015-03-30,2442
2015-03-31,2480
2015-04-01,2486
2015-04-02,2509
2015-04-03,2529
2015-04-04,null
2015-04-05,null
2015-04-06,2546
2015-04-07,2559
2015-04-08,2568
2015-04-09,2538
2015-04-10,2538
2015-04-11,null
2015-04-12,null
2015-04-13,2516
2015-04-14,2565
2015-04-15,2574
2015-04-16,2617
2015-04-17,2640
2015-04-18,null
2015-04-19,null
2015-04-20,2697
2015-04-21,2780
2015-04-22,2795
2015-04-23,2738
2015-04-24,2719
2015-04-25,null
2015-04-26,null
2015-04-27,2768
2015-04-28,2779
2015-04-29,2807
2015-04-30,2715
2015-05-01,null
2015-05-02,null
2015-05-03,null
2015-05-04,2712
2015-05-05,null
2015-05-06,2913
2015-05-07,2962
2015-05-08,2972
2015-05-09,null
2015-05-10,null
2015-05-11,2972
2015-05-12,2855
2015-05-13,2870
2015-05-14,2870
2015-05-15,2870
2015-05-16,null
2015-05-17,null
2015-05-18,3034
2015-05-19,3242
2015-05-20,3342
2015-05-21,3600
2015-05-22,3653
2015-05-23,null
2015-05-24,null
2015-05-25,null
2015-05-26,3639
2015-05-27,3655
2015-05-28,3697
2015-05-29,3742
2015-05-30,null
2015-05-31,null
2015-06-01,3562
2015-06-02,3475
2015-06-03,3438
2015-06-04,3422
2015-06-05,3411
2015-06-06,null
2015-06-07,null
2015-06-08,3397
2015-06-09,3421
2015-06-10,3405
2015-06-11,3490
2015-06-12,3502
2015-06-13,null
2015-06-14,null
2015-06-15,3508
2015-06-16,3408
2015-06-17,3384
2015-06-18,3387
2015-06-19,3359
2015-06-20,null
2015-06-21,null
2015-06-22,3327
2015-06-23,3303
2015-06-24,3303
2015-06-25,3214
2015-06-26,3140
2015-06-27,null
2015-06-28,null
2015-06-29,3126
2015-06-30,3022
2015-07-01,3015
2015-07-02,2989
2015-07-03,2983
2015-07-04,null
2015-07-05,null
2015-07-06,2987
2015-07-07,2998
2015-07-08,2932
2015-07-09,2937
2015-07-10,2937
2015-07-11,null
2015-07-12,null
2015-07-13,2998
2015-07-14,2941
2015-07-15,2921
2015-07-16,2921
2015-07-17,2904
2015-07-18,null
2015-07-19,null
2015-07-20,2895
2015-07-21,2867
2015-07-22,2837
2015-07-23,2861
2015-07-24,2812
2015-07-25,null
2015-07-26,null
2015-07-27,2821
2015-07-28,2798
2015-07-29,2785
2015-07-30,2720
2015-07-31,2720
2015-08-01,null
2015-08-02,null
2015-08-03,2723
2015-08-04,2708
2015-08-05,2715
2015-08-06,2736
2015-08-07,2712
2015-08-08,null
2015-08-09,null
2015-08-10,2779
2015-08-11,2778
2015-08-12,2829
2015-08-13,2750
2015-08-14,null
2015-08-15,null
2015-08-16,null
2015-08-17,2673
2015-08-18,2728
2015-08-19,2814
2015-08-20,2882
2015-08-21,2838
2015-08-22,null
2015-08-23,null
2015-08-24,2881
2015-08-25,2892
2015-08-26,2901
2015-08-27,2836
2015-08-28,2817
2015-08-29,null
2015-08-30,null
2015-08-31,2908
2015-09-01,2887
2015-09-02,2881
2015-09-03,2865
2015-09-04,2857
2015-09-05,null
2015-09-06,null
2015-09-07,2888
2015-09-08,2870
2015-09-09,2846
2015-09-10,2765
2015-09-11,2795
2015-09-12,null
2015-09-13,null
2015-09-14,2810
2015-09-15,2760
2015-09-16,2733
2015-09-17,2699
2015-09-18,2706
2015-09-19,null
2015-09-20,null
2015-09-21,2740
2015-09-22,2687
2015-09-23,2703
2015-09-24,2691
2015-09-25,2697
2015-09-26,null
2015-09-27,null
2015-09-28,null
2015-09-29,null
2015-09-30,2783
2015-10-01,2770
2015-10-02,2748
2015-10-03,null
2015-10-04,null
2015-10-05,2788
2015-10-06,2732
2015-10-07,2717
2015-10-08,2732
2015-10-09,null
2015-10-10,null
2015-10-11,null
2015-10-12,2727
2015-10-13,2675
2015-10-14,2640
2015-10-15,2617
2015-10-16,2596
2015-10-17,null
2015-10-18,null
2015-10-19,2592
2015-10-20,2569
2015-10-21,2501
2015-10-22,2453
2015-10-23,2398
2015-10-24,null
2015-10-25,null
2015-10-26,2370
2015-10-27,2340
2015-10-28,2328
2015-10-29,2356
2015-10-30,2326
2015-10-31,null
2015-11-01,null
2015-11-02,2317
2015-11-03,2297
2015-11-04,2310
2015-11-05,2221
2015-11-06,2210
2015-11-07,null
2015-11-08,null
2015-11-09,2200
2015-11-10,2207
2015-11-11,2174
2015-11-12,1919
2015-11-13,1875
2015-11-14,null
2015-11-15,null
2015-11-16,1949
2015-11-17,1991
2015-11-18,2042
2015-11-19,2020
2015-11-20,2020
2015-11-21,null
2015-11-22,null
2015-11-23,2058
2015-11-24,2164
2015-11-25,2174
2015-11-26,2134
2015-11-27,2213
2015-11-28,null
2015-11-29,null
2015-11-30,2232
2015-12-01,2211
2015-12-02,2183
2015-12-03,2240
2015-12-04,null
2015-12-05,null
2015-12-06,null
2015-12-07,2221
2015-12-08,2221
2015-12-09,2221
2015-12-10,2247
2015-12-11,2202
2015-12-12,null
2015-12-13,null
2015-12-14,2175
2015-12-15,2178
2015-12-16,2157
2015-12-17,2129
2015-12-18,2148
2015-12-19,null
2015-12-20,null
2015-12-21,2123
2015-12-22,2125
2015-12-23,2127
2015-12-24,2147
2015-12-25,null
2015-12-26,null
2015-12-27,null
2015-12-28,2160
2015-12-29,2202
2015-12-30,2202
2015-12-31,2183
2016-01-01,null
2016-01-02,null
2016-01-03,null
2016-01-04,2215
2016-01-05,2266
2016-01-06,2269
2016-01-07,2271
2016-01-08,2242
2016-01-09,null
2016-01-10,null
2016-01-11,2307
2016-01-12,2307
2016-01-13,2318
2016-01-14,2280
2016-01-15,2280
2016-01-16,null
2016-01-17,null
2016-01-18,2299
2016-01-19,2313
2016-01-20,2354
2016-01-21,2440
2016-01-22,2448
2016-01-23,null
2016-01-24,null
2016-01-25,2476
2016-01-26,2598
2016-01-27,2715
2016-01-28,2730
2016-01-29,2777
2016-01-30,null
2016-01-31,null
2016-02-01,2881
2016-02-02,2908
2016-02-03,2914
2016-02-04,2966
2016-02-05,3026
2016-02-06,null
2016-02-07,null
2016-02-08,null
2016-02-09,null
2016-02-10,null
2016-02-11,3003
2016-02-12,3003
2016-02-13,null
2016-02-14,null
2016-02-15,3033
2016-02-16,3047
2016-02-17,3078
2016-02-18,3124
2016-02-19,3124
2016-02-20,null
2016-02-21,null
2016-02-22,3160
2016-02-23,3160
2016-02-24,3145
2016-02-25,3147
2016-02-26,3147
2016-02-27,null
2016-02-28,null
2016-02-29,3169
2016-03-01,null
2016-03-02,3530
2016-03-03,3672
2016-03-04,3711
2016-03-05,null
2016-03-06,null
2016-03-07,3741
2016-03-08,3806
2016-03-09,3878
2016-03-10,3930
2016-03-11,3924
2016-03-12,null
2016-03-13,null
2016-03-14,3808
2016-03-15,3821
2016-03-16,3821
2016-03-17,3803
2016-03-18,3851
2016-03-19,null
2016-03-20,null
2016-03-21,3985
2016-03-22,3905
2016-03-23,3995
2016-03-24,4063
2016-03-25,4030
2016-03-26,null
2016-03-27,null
2016-03-28,4059
2016-03-29,4103
2016-03-30,4088
2016-03-31,4196
2016-04-01,4117
2016-04-02,null
2016-04-03,null
2016-04-04,4231
2016-04-05,4228
2016-04-06,4191
2016-04-07,4303
2016-04-08,4451
2016-04-09,null
2016-04-10,null
2016-04-11,4462
2016-04-12,4462
2016-04-13,null
2016-04-14,4554
2016-04-15,4505
2016-04-16,null
2016-04-17,null
2016-04-18,4705
2016-04-19,4875
2016-04-20,4751
2016-04-21,4733
2016-04-22,4675
2016-04-23,null
2016-04-24,null
2016-04-25,4612
2016-04-26,4593
2016-04-27,4504
2016-04-28,4458
2016-04-29,4426
2016-04-30,null
2016-05-01,null
2016-05-02,4024
2016-05-03,3999
2016-05-04,3974
2016-05-05,null
2016-05-06,null
2016-05-07,null
2016-05-08,null
2016-05-09,4009
2016-05-10,3987
2016-05-11,3994
2016-05-12,3994
2016-05-13,3987
2016-05-14,null
2016-05-15,null
2016-05-16,3988
2016-05-17,3999
2016-05-18,3999
2016-05-19,3810
2016-05-20,3800
2016-05-21,null
2016-05-22,null
2016-05-23,3793
2016-05-24,3793
2016-05-25,3793
2016-05-26,3891
2016-05-27,3854
2016-05-28,null
2016-05-29,null
2016-05-30,3788
2016-05-31,3701
2016-06-01,3588
2016-06-02,3499
2016-06-03,3401
2016-06-04,null
2016-06-05,null
2016-06-06,null
2016-06-07,3397
2016-06-08,3353
2016-06-09,3072
2016-06-10,3023
2016-06-11,null
2016-06-12,null
2016-06-13,2931
2016-06-14,2860
2016-06-15,2874
2016-06-16,2792
2016-06-17,2713
2016-06-18,null
2016-06-19,null
2016-06-20,2724
2016-06-21,2751
2016-06-22,2762
2016-06-23,2754
2016-06-24,2799
2016-06-25,null
2016-06-26,null
2016-06-27,2833
2016-06-28,2825
2016-06-29,2825
2016-06-30,2777
2016-07-01,2752
2016-07-02,null
2016-07-03,null
2016-07-04,2832
2016-07-05,2860
2016-07-06,2899
2016-07-07,2933
2016-07-08,2950
2016-07-09,null
2016-07-10,null
2016-07-11,3032
2016-07-12,3068
2016-07-13,3115
2016-07-14,3191
2016-07-15,3214
2016-07-16,null
2016-07-17,null
2016-07-18,3299
2016-07-19,3351
2016-07-20,3416
2016-07-21,3354
2016-07-22,3341
2016-07-23,null
2016-07-24,null
2016-07-25,3322
2016-07-26,3344
2016-07-27,3362
2016-07-28,3383
2016-07-29,3388
2016-07-30,null
2016-07-31,null
2016-08-01,3487
2016-08-02,3569
2016-08-03,3689
2016-08-04,3760
2016-08-05,3822
2016-08-06,null
2016-08-07,null
2016-08-08,3957
2016-08-09,4064
2016-08-10,4043
2016-08-11,4061
2016-08-12,4090
2016-08-13,null
2016-08-14,null
2016-08-15,null
2016-08-16,4120
2016-08-17,4291
2016-08-18,4520
2016-08-19,4746
2016-08-20,null
2016-08-21,null
2016-08-22,5334
2016-08-23,5472
2016-08-24,5958
2016-08-25,6258
2016-08-26,6384
2016-08-27,null
2016-08-28,null
2016-08-29,6708
2016-08-30,7175
2016-08-31,7641
2016-09-01,7754
2016-09-02,7872
2016-09-03,null
2016-09-04,null
2016-09-05,7892
2016-09-06,8035
2016-09-07,8186
2016-09-08,8081
2016-09-09,8128
2016-09-10,null
2016-09-11,null
2016-09-12,7545
2016-09-13,7845
2016-09-14,null
2016-09-15,null
2016-09-16,null
2016-09-17,null
2016-09-18,null
2016-09-19,8443
2016-09-20,8088
2016-09-21,7940
2016-09-22,7694
2016-09-23,7643
2016-09-24,null
2016-09-25,null
2016-09-26,7532
2016-09-27,7846
2016-09-28,7805
2016-09-29,7788
2016-09-30,7719
2016-10-01,null
2016-10-02,null
2016-10-03,null
2016-10-04,7304
2016-10-05,6912
2016-10-06,6759
2016-10-07,6657
2016-10-08,null
2016-10-09,null
2016-10-10,6470
2016-10-11,6047
2016-10-12,5738
2016-10-13,5340
2016-10-14,5107
2016-10-15,null
2016-10-16,null
2016-10-17,4753
2016-10-18,4685
2016-10-19,4481
2016-10-20,4241
2016-10-21,4179
2016-10-22,null
2016-10-23,null
2016-10-24,4011
2016-10-25,3911
2016-10-26,3792
2016-10-27,3723
2016-10-28,3592
2016-10-29,null
2016-10-30,null
2016-10-31,3552
2016-11-01,3419
2016-11-02,3422
2016-11-03,3233
2016-11-04,3218
2016-11-05,null
2016-11-06,null
2016-11-07,3270
2016-11-08,3255
2016-11-09,3281
2016-11-10,3233
2016-11-11,3263
2016-11-12,null
2016-11-13,null
2016-11-14,3435
2016-11-15,3567
2016-11-16,3561
2016-11-17,3440
2016-11-18,3630
2016-11-19,null
2016-11-20,null
2016-11-21,3709
2016-11-22,3790
2016-11-23,3762
2016-11-24,3712
2016-11-25,3725
2016-11-26,null
2016-11-27,null
2016-11-28,3725
2016-11-29,3725
2016-11-30,3838
2016-12-01,3927
2016-12-02,null
2016-12-03,null
2016-12-04,null
2016-12-05,3951
2016-12-06,3959
2016-12-07,3978
2016-12-08,4057
2016-12-09,4111
2016-12-10,null
2016-12-11,null
2016-12-12,4044
2016-12-13,4077
2016-12-14,4058
2016-12-15,4077
2016-12-16,4093
2016-12-17,null
2016-12-18,null
2016-12-19,4089
2016-12-20,4119
2016-12-21,4145
2016-12-22,4169
2016-12-23,4163
2016-12-24,null
2016-12-25,null
2016-12-26,4206
2016-12-27,4226
2016-12-28,4200
2016-12-29,4224
2016-12-30,4219
2016-12-31,null
2017-01-01,null
2017-01-02,4382
2017-01-03,4355
2017-01-04,4380
2017-01-05,4379
2017-01-06,4354
2017-01-07,null
2017-01-08,null
2017-01-09,4279
2017-01-10,4279
2017-01-11,4279
2017-01-12,4279
2017-01-13,4108
2017-01-14,null
2017-01-15,null
2017-01-16,4108
2017-01-17,4108
2017-01-18,4092
2017-01-19,4092
2017-01-20,4092
2017-01-21,null
2017-01-22,null
2017-01-23,4019
2017-01-24,3987
2017-01-25,3987
2017-01-26,3987
2017-01-27,null
2017-01-28,null
2017-01-29,null
2017-01-30,null
2017-01-31,4008
2017-02-01,3980
2017-02-02,3990
2017-02-03,3990
2017-02-04,null
2017-02-05,null
2017-02-06,3990
2017-02-07,4001
2017-02-08,4001
2017-02-09,4010
2017-02-10,4010
2017-02-11,null
2017-02-12,null
2017-02-13,4038
2017-02-14,4010
2017-02-15,4010
2017-02-16,4010
2017-02-17,4010
2017-02-18,null
2017-02-19,null
2017-02-20,4010
2017-02-21,4010
2017-02-22,4010
2017-02-23,4010
2017-02-24,4010
2017-02-25,null
2017-02-26,null
2017-02-27,4010
2017-02-28,4018
2017-03-01,null
2017-03-02,4018
2017-03-03,4002
2017-03-04,null
2017-03-05,null
2017-03-06,4002
2017-03-07,4002
2017-03-08,4002
2017-03-09,4002
2017-03-10,4002
2017-03-11,null
2017-03-12,null
2017-03-13,4002
2017-03-14,4089
2017-03-15,4089
2017-03-16,3986
2017-03-17,3986
2017-03-18,null
2017-03-19,null
2017-03-20,3942
2017-03-21,3942
2017-03-22,3942
2017-03-23,3942
2017-03-24,3938
2017-03-25,null
2017-03-26,null
2017-03-27,3930
2017-03-28,3953
2017-03-29,3917
2017-03-30,3927
2017-03-31,3918
2017-04-01,null
2017-04-02,null
2017-04-03,3918
2017-04-04,3918
2017-04-05,3895
2017-04-06,3881
2017-04-07,3881
2017-04-08,null
2017-04-09,null
2017-04-10,3881
2017-04-11,3881
2017-04-12,3803
2017-04-13,3830
2017-04-14,3790
2017-04-15,null
2017-04-16,null
2017-04-17,3829
2017-04-18,3714
2017-04-19,3701
2017-04-20,3648
2017-04-21,3681
2017-04-22,null
2017-04-23,null
2017-04-24,3612
2017-04-25,3607
2017-04-26,3601
2017-04-27,3627
2017-04-28,3649
2017-04-29,null
2017-04-30,null
2017-05-01,null
2017-05-02,2987
2017-05-03,null
2017-05-04,2809
2017-05-05,null
2017-05-06,null
2017-05-07,null
2017-05-08,2807
2017-05-09,null
2017-05-10,2782
2017-05-11,2171
2017-05-12,2163
2017-05-13,null
2017-05-14,null
2017-05-15,2127
2017-05-16,2096
2017-05-17,2133
2017-05-18,2060
2017-05-19,2005
2017-05-20,null
2017-05-21,null
2017-05-22,1974
2017-05-23,1974
2017-05-24,1974
2017-05-25,2087
2017-05-26,2096
2017-05-27,null
2017-05-28,null
2017-05-29,2093
2017-05-30,2086
2017-05-31,2105
2017-06-01,2004
2017-06-02,1995
2017-06-03,null
2017-06-04,null
2017-06-05,2010
2017-06-06,null
2017-06-07,2050
2017-06-08,2181
2017-06-09,2272
2017-06-10,null
2017-06-11,null
2017-06-12,2289
2017-06-13,2283
2017-06-14,2275
2017-06-15,2255
2017-06-16,2247
2017-06-17,null
2017-06-18,null
2017-06-19,2251
2017-06-20,2247
2017-06-21,2252
2017-06-22,2267
2017-06-23,2259
2017-06-24,null
2017-06-25,null
2017-06-26,2285
2017-06-27,2284
2017-06-28,2256
2017-06-29,2301
2017-06-30,2285
2017-07-01,null
2017-07-02,null
2017-07-03,2356
2017-07-04,2394
2017-07-05,2482
2017-07-06,2594
2017-07-07,2570
2017-07-08,null
2017-07-09,null
2017-07-10,2539
2017-07-11,2588
2017-07-12,2810
2017-07-13,3051
2017-07-14,3199
2017-07-15,null
2017-07-16,null
2017-07-17,3414
2017-07-18,3709
2017-07-19,3879
2017-07-20,4052
2017-07-21,4217
2017-07-22,null
2017-07-23,null
2017-07-24,4381
2017-07-25,4891
2017-07-26,5055
2017-07-27,5376
2017-07-28,5293
2017-07-29,null
2017-07-30,null
2017-07-31,5274
2017-08-01,5481
2017-08-02,5409
2017-08-03,5438
2017-08-04,5401
2017-08-05,null
2017-08-06,null
2017-08-07,5478
2017-08-08,5420
2017-08-09,5329
2017-08-10,5273
2017-08-11,5426
2017-08-12,null
2017-08-13,null
2017-08-14,5450
2017-08-15,null
2017-08-16,5781
2017-08-17,5924
2017-08-18,6024
2017-08-19,null
2017-08-20,null
2017-08-21,6535
2017-08-22,6576
2017-08-23,6677
2017-08-24,6743
2017-08-25,6600
2017-08-26,null
2017-08-27,null
2017-08-28,6768
2017-08-29,6800
2017-08-30,6868
2017-08-31,6875
2017-09-01,6958
2017-09-02,null
2017-09-03,null
2017-09-04,7125
2017-09-05,6741
2017-09-06,6928
2017-09-07,6775
2017-09-08,6770
2017-09-09,null
2017-09-10,null
2017-09-11,6740
2017-09-12,6804
2017-09-13,6686
2017-09-14,6655
2017-09-15,6472
2017-09-16,null
2017-09-17,null
2017-09-18,6423
2017-09-19,6316
2017-09-20,6288
2017-09-21,6281
2017-09-22,6209
2017-09-23,null
2017-09-24,null
2017-09-25,6174
2017-09-26,6190
2017-09-27,6184
2017-09-28,6026
2017-09-29,5969
2017-09-30,null
2017-10-01,null
2017-10-02,null
2017-10-03,null
2017-10-04,null
2017-10-05,null
2017-10-06,null
2017-10-07,null
2017-10-08,null
2017-10-09,null
2017-10-10,5754
2017-10-11,5403
2017-10-12,4986
2017-10-13,4638
2017-10-14,null
2017-10-15,null
2017-10-16,4286
2017-10-17,3980
2017-10-18,3792
2017-10-19,3398
2017-10-20,3243
2017-10-21,null
2017-10-22,null
2017-10-23,3140
2017-10-24,3104
2017-10-25,3094
2017-10-26,2974
2017-10-27,3061
2017-10-28,null
2017-10-29,null
2017-10-30,2809
2017-10-31,2754
2017-11-01,2643
2017-11-02,2680
2017-11-03,2587
2017-11-04,null
2017-11-05,null
2017-11-06,2640
2017-11-07,2625
2017-11-08,2624
2017-11-09,2576
2017-11-10,2597
2017-11-11,null
2017-11-12,null
2017-11-13,2621
2017-11-14,2646
2017-11-15,2591
2017-11-16,2414
2017-11-17,2384
2017-11-18,null
2017-11-19,null
2017-11-20,2445
2017-11-21,2461
2017-11-22,2434
2017-11-23,2599
2017-11-24,2622
2017-11-25,null
2017-11-26,null
2017-11-27,2686
2017-11-28,2708
2017-11-29,2727
2017-11-30,2727
2017-12-01,null
2017-12-02,null
2017-12-03,null
2017-12-04,2677
2017-12-05,2670
2017-12-06,2657
2017-12-07,2653
2017-12-08,2688
2017-12-09,null
2017-12-10,null
2017-12-11,2637
2017-12-12,2637
2017-12-13,2637
2017-12-14,2635
2017-12-15,2635
2017-12-16,null
2017-12-17,null
2017-12-18,2743
2017-12-19,2765
2017-12-20,2788
2017-12-21,2788
2017-12-22,2800
2017-12-23,null
2017-12-24,null
2017-12-25,null
2017-12-26,2823
2017-12-27,2865
2017-12-28,2884
2017-12-29,2901
2017-12-30,null
2017-12-31,null
2018-01-01,null
2018-01-02,2905
2018-01-03,2927
2018-01-04,2940
2018-01-05,2960
2018-01-06,null
2018-01-07,null
2018-01-08,3024
2018-01-09,2967
2018-01-10,2952
2018-01-11,2961
2018-01-12,2981
2018-01-13,null
2018-01-14,null
2018-01-15,3053
2018-01-16,3071
2018-01-17,3076
2018-01-18,3055
2018-01-19,3069
2018-01-20,null
2018-01-21,null
2018-01-22,3083
2018-01-23,3179
2018-01-24,3155
2018-01-25,3115
2018-01-26,3115
2018-01-27,null
2018-01-28,null
2018-01-29,3176
2018-01-30,3363
2018-01-31,3471
2018-02-01,3749
2018-02-02,3837
2018-02-03,null
2018-02-04,null
2018-02-05,4052
2018-02-06,4261
2018-02-07,4181
2018-02-08,4307
2018-02-09,4307
2018-02-10,null
2018-02-11,null
2018-02-12,4576
2018-02-13,4512
2018-02-14,4479
2018-02-15,null
2018-02-16,null
2018-02-17,null
2018-02-18,null
2018-02-19,4527
2018-02-20,4359
2018-02-21,4301
2018-02-22,4302
2018-02-23,4306
2018-02-24,null
2018-02-25,null
2018-02-26,4241
2018-02-27,4277
2018-02-28,4280
2018-03-01,null
2018-03-02,4283
2018-03-03,null
2018-03-04,null
2018-03-05,4303
2018-03-06,4311
2018-03-07,4295
2018-03-08,4269
2018-03-09,4322
2018-03-10,null
2018-03-11,null
2018-03-12,4347
2018-03-13,4314
2018-03-14,4281
2018-03-15,4297
2018-03-16,4289
2018-03-17,null
2018-03-18,null
2018-03-19,4260
2018-03-20,4254
2018-03-21,4273
2018-03-22,4273
2018-03-23,4241
2018-03-24,null
2018-03-25,null
2018-03-26,4251
2018-03-27,4290
2018-03-28,4307
2018-03-29,4291
2018-03-30,4299
2018-03-31,null
2018-04-01,null
2018-04-02,4321
2018-04-03,4306
2018-04-04,4306
2018-04-05,4333
2018-04-06,4333
2018-04-07,null
2018-04-08,null
2018-04-09,4321
2018-04-10,4317
2018-04-11,4317
2018-04-12,4334
2018-04-13,4309
2018-04-14,null
2018-04-15,null
2018-04-16,4270
2018-04-17,4270
2018-04-18,4284
2018-04-19,4259
2018-04-20,4292
2018-04-21,null
2018-04-22,null
2018-04-23,4282
2018-04-24,4360
2018-04-25,4379
2018-04-26,4299
2018-04-27,4299
2018-04-28,null
2018-04-29,null
2018-04-30,4309
2018-05-01,null
2018-05-02,4240
2018-05-03,4240
2018-05-04,4240
2018-05-05,null
2018-05-06,null
2018-05-07,null
2018-05-08,3457
2018-05-09,3417
2018-05-10,3399
2018-05-11,3345
2018-05-12,null
2018-05-13,null
2018-05-14,3312
2018-05-15,3252
2018-05-16,3215
2018-05-17,3018
2018-05-18,3024
2018-05-19,null
2018-05-20,null
2018-05-21,2807
2018-05-22,null
2018-05-23,2789
2018-05-24,2866
2018-05-25,2851
2018-05-26,null
2018-05-27,null
2018-05-28,2797
2018-05-29,2797
2018-05-30,2797
2018-05-31,2685
2018-06-01,2688
2018-06-02,null
2018-06-03,null
2018-06-04,2653
2018-06-05,2611
2018-06-06,null
2018-06-07,2691
2018-06-08,2691
2018-06-09,null
2018-06-10,null
2018-06-11,2676
2018-06-12,2679
2018-06-13,null
2018-06-14,2707
2018-06-15,2708
2018-06-16,null
2018-06-17,null
2018-06-18,2747
2018-06-19,2745
2018-06-20,2757
2018-06-21,2718
2018-06-22,2686
2018-06-23,null
2018-06-24,null
2018-06-25,2714
2018-06-26,2773
2018-06-27,2896
2018-06-28,2919
2018-06-29,2934
2018-06-30,null
2018-07-01,null
2018-07-02,2986
2018-07-03,2990
2018-07-04,3004
2018-07-05,3060
2018-07-06,3015
2018-07-07,null
2018-07-08,null
2018-07-09,3122
2018-07-10,3235
2018-07-11,3355
2018-07-12,3498
2018-07-13,3499
2018-07-14,null
2018-07-15,null
2018-07-16,3605
2018-07-17,3706
2018-07-18,3771
2018-07-19,3930
2018-07-20,3960
2018-07-21,null
2018-07-22,null
2018-07-23,4448
2018-07-24,4524
2018-07-25,4680
2018-07-26,4788
2018-07-27,4909
2018-07-28,null
2018-07-29,null
2018-07-30,5030
2018-07-31,5257
2018-08-01,5404
2018-08-02,5605
2018-08-03,5719
2018-08-04,null
2018-08-05,null
2018-08-06,5770
2018-08-07,5770
2018-08-08,5864
2018-08-09,6010
2018-08-10,6051
2018-08-11,null
2018-08-12,null
2018-08-13,6066
2018-08-14,6217
2018-08-15,null
2018-08-16,6310
2018-08-17,6522
2018-08-18,null
2018-08-19,null
2018-08-20,6986
2018-08-21,7164
2018-08-22,7320
2018-08-23,7522
2018-08-24,7661
2018-08-25,null
2018-08-26,null
2018-08-27,8245
2018-08-28,8311
2018-08-29,8248
2018-08-30,8299
2018-08-31,8201
2018-09-01,null
2018-09-02,null
2018-09-03,8079
2018-09-04,7121
2018-09-05,6926
2018-09-06,6917
2018-09-07,6807
2018-09-08,null
2018-09-09,null
2018-09-10,6579
2018-09-11,6544
2018-09-12,6334
2018-09-13,6217
2018-09-14,6209
2018-09-15,null
2018-09-16,null
2018-09-17,6149
2018-09-18,6027
2018-09-19,6012
2018-09-20,5920
2018-09-21,5935
2018-09-22,null
2018-09-23,null
2018-09-24,null
2018-09-25,null
2018-09-26,null
2018-09-27,5875
2018-09-28,5617
2018-09-29,null
2018-09-30,null
2018-10-01,5321
2018-10-02,4897
2018-10-03,null
2018-10-04,4559
2018-10-05,4400
2018-10-06,null
2018-10-07,null
2018-10-08,4464
2018-10-09,null
2018-10-10,4387
2018-10-11,4194
2018-10-12,4151
2018-10-13,null
2018-10-14,null
2018-10-15,4001
2018-10-16,3864
2018-10-17,3779
2018-10-18,3736
2018-10-19,3663
2018-10-20,null
2018-10-21,null
2018-10-22,3618
2018-10-23,3587
2018-10-24,3570
2018-10-25,3501
2018-10-26,3451
2018-10-27,null
2018-10-28,null
2018-10-29,3382
2018-10-30,3360
2018-10-31,3399
2018-11-01,3368
2018-11-02,3290
2018-11-03,null
2018-11-04,null
2018-11-05,3153
2018-11-06,3171
2018-11-07,3149
2018-11-08,3112
2018-11-09,3107
2018-11-10,null
2018-11-11,null
2018-11-12,3092
2018-11-13,3127
2018-11-14,3045
2018-11-15,3003
2018-11-16,3000
2018-11-17,null
2018-11-18,null
2018-11-19,3008
2018-11-20,3003
2018-11-21,2995
2018-11-22,2981
2018-11-23,2966
2018-11-24,null
2018-11-25,null
2018-11-26,2966
2018-11-27,2956
2018-11-28,3004
2018-11-29,2933
2018-11-30,2916
2018-12-01,null
2018-12-02,null
2018-12-03,2873
2018-12-04,2826
2018-12-05,2796
2018-12-06,2773
2018-12-07,null
2018-12-08,null
2018-12-09,null
2018-12-10,2805
2018-12-11,2805
2018-12-12,2805
2018-12-13,2799
2018-12-14,2816
2018-12-15,null
2018-12-16,null
2018-12-17,2816
2018-12-18,2850
2018-12-19,2865
2018-12-20,2838
2018-12-21,2798
2018-12-22,null
2018-12-23,null
2018-12-24,2789
2018-12-25,null
2018-12-26,2796
2018-12-27,2796
2018-12-28,2796
2018-12-29,null
2018-12-30,null
2018-12-31,2796
2019-01-01,null
2019-01-02,2722
2019-01-03,2709
2019-01-04,2709
2019-01-05,null
2019-01-06,null
2019-01-07,2748
2019-01-08,2772
2019-01-09,2748
2019-01-10,2756
2019-01-11,2756
2019-01-12,null
2019-01-13,null
2019-01-14,2693
2019-01-15,2692
2019-01-16,2631
2019-01-17,2598
2019-01-18,2578
2019-01-19,null
2019-01-20,null
2019-01-21,2554
2019-01-22,2550
2019-01-23,2550
2019-01-24,2517
2019-01-25,2503
2019-01-26,null
2019-01-27,null
2019-01-28,2413
2019-01-29,2498
2019-01-30,2498
2019-01-31,2577
2019-02-01,2572
2019-02-02,null
2019-02-03,null
2019-02-04,null
2019-02-05,null
2019-02-06,null
2019-02-07,2665
2019-02-08,2640
2019-02-09,null
2019-02-10,null
2019-02-11,2584
2019-02-12,2584
2019-02-13,2589
2019-02-14,2508
2019-02-15,2508
2019-02-16,null
2019-02-17,null
2019-02-18,2444
2019-02-19,2429
2019-02-20,2386
2019-02-21,2367
2019-02-22,2343
2019-02-23,null
2019-02-24,null
2019-02-25,2322
2019-02-26,2322
2019-02-27,2327
2019-02-28,2304
2019-03-01,null
2019-03-02,null
2019-03-03,null
2019-03-04,2347
2019-03-05,2313
2019-03-06,2313
2019-03-07,2308
2019-03-08,2300
2019-03-09,null
2019-03-10,null
2019-03-11,2276
2019-03-12,2263
2019-03-13,2263
2019-03-14,2245
2019-03-15,2230
2019-03-16,null
2019-03-17,null
2019-03-18,2233
2019-03-19,2245
2019-03-20,2245
2019-03-21,2245
2019-03-22,2228
2019-03-23,null
2019-03-24,null
2019-03-25,2228
2019-03-26,2205
2019-03-27,2170
2019-03-28,2180
2019-03-29,2198
2019-03-30,null
2019-03-31,null
2019-04-01,2201
2019-04-02,2201
2019-04-03,2201
2019-04-04,2231
2019-04-05,2246
2019-04-06,null
2019-04-07,null
2019-04-08,2269
2019-04-09,2282
2019-04-10,2312
2019-04-11,2299
2019-04-12,2274
2019-04-13,null
2019-04-14,null
2019-04-15,2284
2019-04-16,2276
2019-04-17,2276
2019-04-18,2276
2019-04-19,2276
2019-04-20,null
2019-04-21,null
2019-04-22,2280
2019-04-23,2280
2019-04-24,2296
2019-04-25,2288
2019-04-26,2288
2019-04-27,null
2019-04-28,null
2019-04-29,2311
2019-04-30,2311
2019-05-01,null
2019-05-02,2324
2019-05-03,2316
2019-05-04,null
2019-05-05,null
2019-05-06,null
2019-05-07,2357
2019-05-08,2425
2019-05-09,2425
2019-05-10,2425
2019-05-11,null
2019-05-12,null
2019-05-13,2428
2019-05-14,2448
2019-05-15,2448
2019-05-16,2458
2019-05-17,2531
2019-05-18,null
2019-05-19,null
2019-05-20,2620
2019-05-21,2265
2019-05-22,2272
2019-05-23,2249
2019-05-24,2282
2019-05-25,null
2019-05-26,null
2019-05-27,2209
2019-05-28,2219
2019-05-29,2219
2019-05-30,2366
2019-05-31,2361
2019-06-01,null
2019-06-02,null
2019-06-03,2375
2019-06-04,2385
2019-06-05,2413
2019-06-06,null
2019-06-07,2477
2019-06-08,null
2019-06-09,null
2019-06-10,2477
2019-06-11,2477
2019-06-12,2562
2019-06-13,2651
2019-06-14,2692
2019-06-15,null
2019-06-16,null
2019-06-17,2722
2019-06-18,2774
2019-06-19,2824
2019-06-20,2891
2019-06-21,2887
2019-06-22,null
2019-06-23,null
2019-06-24,2913
2019-06-25,2901
2019-06-26,2906
2019-06-27,2924
2019-06-28,2999
2019-06-29,null
2019-06-30,null
2019-07-01,3031
2019-07-02,3038
2019-07-03,3027
2019-07-04,3077
2019-07-05,3062
2019-07-06,null
2019-07-07,null
2019-07-08,3060
2019-07-09,3056
2019-07-10,3075
2019-07-11,3090
2019-07-12,3176
2019-07-13,null
2019-07-14,null
2019-07-15,3181
2019-07-16,3209
2019-07-17,3146
2019-07-18,3205
2019-07-19,3214
2019-07-20,null
2019-07-21,null
2019-07-22,3209
2019-07-23,3238
2019-07-24,3216
2019-07-25,3275
2019-07-26,3261
2019-07-27,null
2019-07-28,null
2019-07-29,3313
2019-07-30,3334
2019-07-31,3338
2019-08-01,3312
2019-08-02,3293
2019-08-03,null
2019-08-04,null
2019-08-05,3296
2019-08-06,3301
2019-08-07,3287
2019-08-08,3391
2019-08-09,3415
2019-08-10,null
2019-08-11,null
2019-08-12,3417
2019-08-13,3444
2019-08-14,3440
2019-08-15,null
2019-08-16,3396
2019-08-17,null
2019-08-18,null
2019-08-19,3432
2019-08-20,3486
2019-08-21,3429
2019-08-22,3583
2019-08-23,3602
2019-08-24,null
2019-08-25,null
2019-08-26,3602
2019-08-27,3618
2019-08-28,3636
2019-08-29,3730
2019-08-30,3758
2019-08-31,null
2019-09-01,null
2019-09-02,3883
2019-09-03,3919
2019-09-04,4045
2019-09-05,4570
2019-09-06,4784
2019-09-07,null
2019-09-08,null
2019-09-09,5015
2019-09-10,5125
2019-09-11,5193
2019-09-12,null
2019-09-13,null
2019-09-14,null
2019-09-15,null
2019-09-16,5260
2019-09-17,5208
2019-09-18,5221
2019-09-19,5496
2019-09-20,5622
2019-09-21,null
2019-09-22,null
2019-09-23,5663
2019-09-24,6162
2019-09-25,6492
2019-09-26,6641
2019-09-27,6674
2019-09-28,null
2019-09-29,null
2019-09-30,6903
2019-10-01,7177
2019-10-02,7328
2019-10-03,null
2019-10-04,7876
2019-10-05,null
2019-10-06,null
2019-10-07,8004
2019-10-08,7437
2019-10-09,null
2019-10-10,7122
2019-10-11,6968
2019-10-12,null
2019-10-13,null
2019-10-14,6826
2019-10-15,6786
2019-10-16,6626
2019-10-17,6578
2019-10-18,6531
2019-10-19,null
2019-10-20,null
2019-10-21,6417
2019-10-22,6291
2019-10-23,6149
2019-10-24,6014
2019-10-25,5680
2019-10-26,null
2019-10-27,null
2019-10-28,5710
2019-10-29,5390
2019-10-30,5327
2019-10-31,5141
2019-11-01,5027
2019-11-02,null
2019-11-03,null
2019-11-04,5037
2019-11-05,4841
2019-11-06,4746
2019-11-07,4739
2019-11-08,4399
2019-11-09,null
2019-11-10,null
2019-11-11,4299
2019-11-12,4200
2019-11-13,4275
2019-11-14,4262
2019-11-15,4345
2019-11-16,null
2019-11-17,null
2019-11-18,4450
2019-11-19,4519
2019-11-20,4645
2019-11-21,4605
2019-11-22,4600
2019-11-23,null
2019-11-24,null
2019-11-25,4655
2019-11-26,4691
2019-11-27,4756
2019-11-28,4680
2019-11-29,4594
2019-11-30,null
2019-12-01,null
2019-12-02,4625
2019-12-03,4553
2019-12-04,4569
2019-12-05,4552
2019-12-06,null
2019-12-07,null
2019-12-08,null
2019-12-09,4651
2019-12-10,4617
2019-12-11,4650
2019-12-12,4693
2019-12-13,4680
2019-12-14,null
2019-12-15,null
2019-12-16,4656
2019-12-17,4632
2019-12-18,4616
2019-12-19,4592
2019-12-20,4616
2019-12-21,null
2019-12-22,null
2019-12-23,4589
2019-12-24,4575
2019-12-25,null
2019-12-26,4495
2019-12-27,4474
2019-12-28,null
2019-12-29,null
2019-12-30,4502
2019-12-31,4547
2020-01-01,null
2020-01-02,4584
2020-01-03,4591
2020-01-04,null
2020-01-05,null
2020-01-06,4613
2020-01-07,4627
2020-01-08,4627
2020-01-09,4629
2020-01-10,4690
2020-01-11,null
2020-01-12,null
2020-01-13,4597
2020-01-14,4592
2020-01-15,4606
2020-01-16,4584
2020-01-17,4584
2020-01-18,null
2020-01-19,null
2020-01-20,4605
2020-01-21,4629
2020-01-22,4597
2020-01-23,4597
2020-01-24,null
2020-01-25,null
2020-01-26,null
2020-01-27,null
2020-01-28,4708
2020-01-29,4580
2020-01-30,4574
2020-01-31,4550
2020-02-01,null
2020-02-02,null
2020-02-03,4468
2020-02-04,4437
2020-02-05,4435
2020-02-06,4418
2020-02-07,4418
2020-02-08,null
2020-02-09,null
2020-02-10,4379
2020-02-11,4360
2020-02-12,4360
2020-02-13,4360
2020-02-14,4336
2020-02-15,null
2020-02-16,null
2020-02-17,4336
2020-02-18,4315
2020-02-19,4339
2020-02-20,4339
2020-02-21,4356
2020-02-22,null
2020-02-23,null
2020-02-24,4381
2020-02-25,4396
2020-02-26,4296
2020-02-27,4296
2020-02-28,4296
2020-02-29,null
2020-03-01,null
2020-03-02,4376
2020-03-03,4328
2020-03-04,4311
2020-03-05,4311
2020-03-06,4326
2020-03-07,null
2020-03-08,null
2020-03-09,4340
2020-03-10,4331
2020-03-11,4331
2020-03-12,4308
2020-03-13,4308
2020-03-14,null
2020-03-15,null
2020-03-16,4325
2020-03-17,4325
2020-03-18,4325
2020-03-19,4297
2020-03-20,4292
2020-03-21,null
2020-03-22,null
2020-03-23,4292
2020-03-24,4292
2020-03-25,4292
2020-03-26,4476
2020-03-27,4476
2020-03-28,null
2020-03-29,null
2020-03-30,4459
2020-03-31,4430
2020-04-01,4458
2020-04-02,4458
2020-04-03,4430
2020-04-04,null
2020-04-05,null
2020-04-06,4439
2020-04-07,4449
2020-04-08,4449
2020-04-09,4449
2020-04-10,4449
2020-04-11,null
2020-04-12,null
2020-04-13,4421
2020-04-14,4421
2020-04-15,null
2020-04-16,4421
2020-04-17,4403
2020-04-18,null
2020-04-19,null
2020-04-20,4403
2020-04-21,4403
2020-04-22,4419
2020-04-23,4441
2020-04-24,4552
2020-04-25,null
2020-04-26,null
2020-04-27,4678
2020-04-28,4909
2020-04-29,5109
2020-04-30,null
2020-05-01,null
2020-05-02,null
2020-05-03,null
2020-05-04,5312
2020-05-05,null
2020-05-06,5605
2020-05-07,6173
2020-05-08,6411
2020-05-09,null
2020-05-10,null
2020-05-11,4952
2020-05-12,4926
2020-05-13,4729
2020-05-14,4614
2020-05-15,4198
2020-05-16,null
2020-05-17,null
2020-05-18,4324
2020-05-19,4306
2020-05-20,4349
2020-05-21,4339
2020-05-22,4415
2020-05-23,null
2020-05-24,null
2020-05-25,4346
2020-05-26,4449
2020-05-27,4497
2020-05-28,4450
2020-05-29,4667
2020-05-30,null
2020-05-31,null
2020-06-01,4770
2020-06-02,4679
2020-06-03,4565
2020-06-04,4616
2020-06-05,4438
2020-06-06,null
2020-06-07,null
2020-06-08,4268
2020-06-09,4212
2020-06-10,4134
2020-06-11,4103
2020-06-12,4144
2020-06-13,null
2020-06-14,null
2020-06-15,4281
2020-06-16,4387
2020-06-17,4325
2020-06-18,4294
2020-06-19,4339
2020-06-20,null
2020-06-21,null
2020-06-22,4240
2020-06-23,4336
2020-06-24,4362
2020-06-25,4411
2020-06-26,4460
2020-06-27,null
2020-06-28,null
2020-06-29,4442
2020-06-30,4372
2020-07-01,4329
2020-07-02,4124
2020-07-03,4083
2020-07-04,null
2020-07-05,null
2020-07-06,4104
2020-07-07,4125
2020-07-08,4159
2020-07-09,4086
2020-07-10,4086
2020-07-11,null
2020-07-12,null
2020-07-13,4238
2020-07-14,4705
2020-07-15,4714
2020-07-16,4926
2020-07-17,4988
2020-07-18,null
2020-07-19,null
2020-07-20,5093
2020-07-21,5212
2020-07-22,5354
2020-07-23,5613
2020-07-24,5901
2020-07-25,null
2020-07-26,null
2020-07-27,5774
2020-07-28,5768
2020-07-29,5626
2020-07-30,5643
2020-07-31,5708
2020-08-01,null
2020-08-02,null
2020-08-03,5771
2020-08-04,5681
2020-08-05,5753
2020-08-06,5775
2020-08-07,5831
2020-08-08,null
2020-08-09,null
2020-08-10,6216
2020-08-11,6286
2020-08-12,6534
2020-08-13,7044
2020-08-14,7032
2020-08-15,null
2020-08-16,null
2020-08-17,null
2020-08-18,7051
2020-08-19,7322
2020-08-20,7928
2020-08-21,8150
2020-08-22,null
2020-08-23,null
2020-08-24,8416
2020-08-25,9317
2020-08-26,9398
2020-08-27,9494
2020-08-28,9699
2020-08-29,null
2020-08-30,null
2020-08-31,9748
2020-09-01,9594
2020-09-02,9428
2020-09-03,9067
2020-09-04,9348
2020-09-05,null
2020-09-06,null
2020-09-07,9657
2020-09-08,9738
2020-09-09,9980
2020-09-10,10160
2020-09-11,10356
2020-09-12,null
2020-09-13,null
2020-09-14,10480
2020-09-15,10839
2020-09-16,11241
2020-09-17,11476
2020-09-18,11600
2020-09-19,null
2020-09-20,null
2020-09-21,11682
2020-09-22,11876
2020-09-23,11633
2020-09-24,11954
2020-09-25,11728
2020-09-26,null
2020-09-27,null
2020-09-28,11828
2020-09-29,11883
2020-09-30,null
2020-10-01,null
2020-10-02,null
2020-10-03,null
2020-10-04,null
2020-10-05,11657
2020-10-06,10911
2020-10-07,10689
2020-10-08,10418
2020-10-09,null
2020-10-10,null
2020-10-11,null
2020-10-12,9761
2020-10-13,8658
2020-10-14,8341
2020-10-15,7568
2020-10-16,7211
2020-10-17,null
2020-10-18,null
2020-10-19,6521
2020-10-20,5870
2020-10-21,5555
2020-10-22,5250
2020-10-23,5243
2020-10-24,null
2020-10-25,null
2020-10-26,5209
2020-10-27,4956
2020-10-28,4755
2020-10-29,4635
2020-10-30,4387
2020-10-31,null
2020-11-01,null
2020-11-02,4283
2020-11-03,4149
2020-11-04,3994
2020-11-05,3684
2020-11-06,3534
2020-11-07,null
2020-11-08,null
2020-11-09,3482
2020-11-10,3224
2020-11-11,3371
2020-11-12,3328
2020-11-13,3269
2020-11-14,null
2020-11-15,null
2020-11-16,3016
2020-11-17,3086
2020-11-18,3037
2020-11-19,2966
2020-11-20,2991
2020-11-21,null
2020-11-22,null
2020-11-23,3097
2020-11-24,3080
2020-11-25,3080
2020-11-26,3166
2020-11-27,3050
2020-11-28,null
2020-11-29,null
2020-11-30,3039
2020-12-01,2988
2020-12-02,2957
2020-12-03,3024
2020-12-04,null
2020-12-05,null
2020-12-06,null
2020-12-07,3004
2020-12-08,2908
2020-12-09,2877
2020-12-10,2958
2020-12-11,2948
2020-12-12,null
2020-12-13,null
2020-12-14,2970
2020-12-15,2928
2020-12-16,2859
2020-12-17,2807
2020-12-18,2855
2020-12-19,null
2020-12-20,null
2020-12-21,2791
2020-12-22,2778
2020-12-23,2722
2020-12-24,2740
2020-12-25,null
2020-12-26,null
2020-12-27,null
2020-12-28,2755
2020-12-29,2870
2020-12-30,2790
2020-12-31,2921
2021-01-01,null
2021-01-02,null
2021-01-03,null
2021-01-04,2936
2021-01-05,2953
2021-01-06,2968
2021-01-07,2976
2021-01-08,2982
2021-01-09,null
2021-01-10,null
2021-01-11,3019
2021-01-12,3019
2021-01-13,3000
2021-01-14,2999
2021-01-15,2999
2021-01-16,null
2021-01-17,null
2021-01-18,3007
2021-01-19,3007
2021-01-20,3025
2021-01-21,3025
2021-01-22,3054
2021-01-23,null
2021-01-24,null
2021-01-25,3065
2021-01-26,3065
2021-01-27,3057
2021-01-28,3134
2021-01-29,3246
2021-01-30,null
2021-01-31,null
2021-02-01,3300
2021-02-02,3340
2021-02-03,3401
2021-02-04,3399
2021-02-05,3518
2021-02-06,null
2021-02-07,null
2021-02-08,3610
2021-02-09,3637
2021-02-10,3668
2021-02-11,null
2021-02-12,null
2021-02-13,null
2021-02-14,null
2021-02-15,3704
2021-02-16,3704
2021-02-17,3704
2021-02-18,3756
2021-02-19,3826
2021-02-20,null
2021-02-21,null
2021-02-22,4172
2021-02-23,4331
2021-02-24,4449
2021-02-25,null
